Iso3,StartDate,EndDate,Area Code,Area,Item Code,Item,Element Code,Element,Year Code,Year,Unit,Value,Flag,Note
#country+code,#date+start,#date+end,,#country+name,#indicator+code,#indicator+name,,,,#date+year,#indicator+type,#indicator+value+num,,
TUR,2000-01-01,2002-12-31,223,Turkey,21010,Average dietary energy supply adequacy (percent) (3-year average),6121,Value,20002002,2002,%,156,F,
TUR,2001-01-01,2003-12-31,223,Turkey,21010,Average dietary energy supply adequacy (percent) (3-year average),6121,Value,20012003,2003,%,155,F,
TUR,2002-01-01,2004-12-31,223,Turkey,21010,Average dietary energy supply adequacy (percent) (3-year average),6121,Value,20022004,2004,%,155,F,
TUR,2003-01-01,2005-12-31,223,Turkey,21010,Average dietary energy supply adequacy (percent) (3-year average),6121,Value,20032005,2005,%,154,F,
TUR,2004-01-01,2006-12-31,223,Turkey,21010,Average dietary energy supply adequacy (percent) (3-year average),6121,Value,20042006,2006,%,155,F,
TUR,2005-01-01,2007-12-31,223,Turkey,21010,Average dietary energy supply adequacy (percent) (3-year average),6121,Value,20052007,2007,%,155,F,
TUR,2006-01-01,2008-12-31,223,Turkey,21010,Average dietary energy supply adequacy (percent) (3-year average),6121,Value,20062008,2008,%,154,F,
TUR,2007-01-01,2009-12-31,223,Turkey,21010,Average dietary energy supply adequacy (percent) (3-year average),6121,Value,20072009,2009,%,153,F,
TUR,2008-01-01,2010-12-31,223,Turkey,21010,Average dietary energy supply adequacy (percent) (3-year average),6121,Value,20082010,2010,%,153,F,
TUR,2009-01-01,2011-12-31,223,Turkey,21010,Average dietary energy supply adequacy (percent) (3-year average),6121,Value,20092011,2011,%,154,F,
TUR,2010-01-01,2012-12-31,223,Turkey,21010,Average dietary energy supply adequacy (percent) (3-year average),6121,Value,20102012,2012,%,154,F,
TUR,2011-01-01,2013-12-31,223,Turkey,21010,Average dietary energy supply adequacy (percent) (3-year average),6121,Value,20112013,2013,%,154,F,
TUR,2012-01-01,2014-12-31,223,Turkey,21010,Average dietary energy supply adequacy (percent) (3-year average),6121,Value,20122014,2014,%,153,F,
TUR,2013-01-01,2015-12-31,223,Turkey,21010,Average dietary energy supply adequacy (percent) (3-year average),6121,Value,20132015,2015,%,154,F,
TUR,2014-01-01,2016-12-31,223,Turkey,21010,Average dietary energy supply adequacy (percent) (3-year average),6121,Value,20142016,2016,%,154,F,
TUR,2015-01-01,2017-12-31,223,Turkey,21010,Average dietary energy supply adequacy (percent) (3-year average),6121,Value,20152017,2017,%,155,F,
TUR,2016-01-01,2018-12-31,223,Turkey,21010,Average dietary energy supply adequacy (percent) (3-year average),6121,Value,20162018,2018,%,155,F,
TUR,2017-01-01,2019-12-31,223,Turkey,21010,Average dietary energy supply adequacy (percent) (3-year average),6121,Value,20172019,2019,%,156,F,
TUR,2018-01-01,2020-12-31,223,Turkey,21010,Average dietary energy supply adequacy (percent) (3-year average),6121,Value,20182020,2020,%,156,F,
TUR,2000-01-01,2002-12-31,223,Turkey,21011,Average value of food production (constant 2004-2006 I$/cap) (3-year average),6122,Value,20002002,2002,I$ per person,410,F,
TUR,2001-01-01,2003-12-31,223,Turkey,21011,Average value of food production (constant 2004-2006 I$/cap) (3-year average),6122,Value,20012003,2003,I$ per person,403,F,
TUR,2002-01-01,2004-12-31,223,Turkey,21011,Average value of food production (constant 2004-2006 I$/cap) (3-year average),6122,Value,20022004,2004,I$ per person,408,F,
TUR,2003-01-01,2005-12-31,223,Turkey,21011,Average value of food production (constant 2004-2006 I$/cap) (3-year average),6122,Value,20032005,2005,I$ per person,416,F,
TUR,2004-01-01,2006-12-31,223,Turkey,21011,Average value of food production (constant 2004-2006 I$/cap) (3-year average),6122,Value,20042006,2006,I$ per person,425,F,
TUR,2005-01-01,2007-12-31,223,Turkey,21011,Average value of food production (constant 2004-2006 I$/cap) (3-year average),6122,Value,20052007,2007,I$ per person,428,F,
TUR,2006-01-01,2008-12-31,223,Turkey,21011,Average value of food production (constant 2004-2006 I$/cap) (3-year average),6122,Value,20062008,2008,I$ per person,428,F,
TUR,2007-01-01,2009-12-31,223,Turkey,21011,Average value of food production (constant 2004-2006 I$/cap) (3-year average),6122,Value,20072009,2009,I$ per person,429,F,
TUR,2008-01-01,2010-12-31,223,Turkey,21011,Average value of food production (constant 2004-2006 I$/cap) (3-year average),6122,Value,20082010,2010,I$ per person,441,F,
TUR,2009-01-01,2011-12-31,223,Turkey,21011,Average value of food production (constant 2004-2006 I$/cap) (3-year average),6122,Value,20092011,2011,I$ per person,453,F,
TUR,2010-01-01,2012-12-31,223,Turkey,21011,Average value of food production (constant 2004-2006 I$/cap) (3-year average),6122,Value,20102012,2012,I$ per person,470,F,
TUR,2011-01-01,2013-12-31,223,Turkey,21011,Average value of food production (constant 2004-2006 I$/cap) (3-year average),6122,Value,20112013,2013,I$ per person,483,F,
TUR,2012-01-01,2014-12-31,223,Turkey,21011,Average value of food production (constant 2004-2006 I$/cap) (3-year average),6122,Value,20122014,2014,I$ per person,485,F,
TUR,2013-01-01,2015-12-31,223,Turkey,21011,Average value of food production (constant 2004-2006 I$/cap) (3-year average),6122,Value,20132015,2015,I$ per person,485,F,
TUR,2014-01-01,2016-12-31,223,Turkey,21011,Average value of food production (constant 2004-2006 I$/cap) (3-year average),6122,Value,20142016,2016,I$ per person,483,F,
TUR,2015-01-01,2017-12-31,223,Turkey,21011,Average value of food production (constant 2004-2006 I$/cap) (3-year average),6122,Value,20152017,2017,I$ per person,323,F,
TUR,2016-01-01,2018-12-31,223,Turkey,21011,Average value of food production (constant 2004-2006 I$/cap) (3-year average),6122,Value,20162018,2018,I$ per person,159,F,
TUR,2000-01-01,2002-12-31,223,Turkey,22000,Dietary energy supply used in the estimation of prevalence of undernourishment (kcal/cap/day) (3-year average),6128,Value,20002002,2002,kcal/capita/day,3624,F,
TUR,2001-01-01,2003-12-31,223,Turkey,22000,Dietary energy supply used in the estimation of prevalence of undernourishment (kcal/cap/day) (3-year average),6128,Value,20012003,2003,kcal/capita/day,3598,F,
TUR,2002-01-01,2004-12-31,223,Turkey,22000,Dietary energy supply used in the estimation of prevalence of undernourishment (kcal/cap/day) (3-year average),6128,Value,20022004,2004,kcal/capita/day,3593,F,
TUR,2003-01-01,2005-12-31,223,Turkey,22000,Dietary energy supply used in the estimation of prevalence of undernourishment (kcal/cap/day) (3-year average),6128,Value,20032005,2005,kcal/capita/day,3594,F,
TUR,2004-01-01,2006-12-31,223,Turkey,22000,Dietary energy supply used in the estimation of prevalence of undernourishment (kcal/cap/day) (3-year average),6128,Value,20042006,2006,kcal/capita/day,3614,F,
TUR,2005-01-01,2007-12-31,223,Turkey,22000,Dietary energy supply used in the estimation of prevalence of undernourishment (kcal/cap/day) (3-year average),6128,Value,20052007,2007,kcal/capita/day,3622,F,
TUR,2006-01-01,2008-12-31,223,Turkey,22000,Dietary energy supply used in the estimation of prevalence of undernourishment (kcal/cap/day) (3-year average),6128,Value,20062008,2008,kcal/capita/day,3619,F,
TUR,2007-01-01,2009-12-31,223,Turkey,22000,Dietary energy supply used in the estimation of prevalence of undernourishment (kcal/cap/day) (3-year average),6128,Value,20072009,2009,kcal/capita/day,3611,F,
TUR,2008-01-01,2010-12-31,223,Turkey,22000,Dietary energy supply used in the estimation of prevalence of undernourishment (kcal/cap/day) (3-year average),6128,Value,20082010,2010,kcal/capita/day,3616,F,
TUR,2009-01-01,2011-12-31,223,Turkey,22000,Dietary energy supply used in the estimation of prevalence of undernourishment (kcal/cap/day) (3-year average),6128,Value,20092011,2011,kcal/capita/day,3637,F,
TUR,2010-01-01,2012-12-31,223,Turkey,22000,Dietary energy supply used in the estimation of prevalence of undernourishment (kcal/cap/day) (3-year average),6128,Value,20102012,2012,kcal/capita/day,3650,F,
TUR,2011-01-01,2013-12-31,223,Turkey,22000,Dietary energy supply used in the estimation of prevalence of undernourishment (kcal/cap/day) (3-year average),6128,Value,20112013,2013,kcal/capita/day,3656,F,
TUR,2012-01-01,2014-12-31,223,Turkey,22000,Dietary energy supply used in the estimation of prevalence of undernourishment (kcal/cap/day) (3-year average),6128,Value,20122014,2014,kcal/capita/day,3657,F,
TUR,2013-01-01,2015-12-31,223,Turkey,22000,Dietary energy supply used in the estimation of prevalence of undernourishment (kcal/cap/day) (3-year average),6128,Value,20132015,2015,kcal/capita/day,3679,F,
TUR,2014-01-01,2016-12-31,223,Turkey,22000,Dietary energy supply used in the estimation of prevalence of undernourishment (kcal/cap/day) (3-year average),6128,Value,20142016,2016,kcal/capita/day,3690,F,
TUR,2015-01-01,2017-12-31,223,Turkey,22000,Dietary energy supply used in the estimation of prevalence of undernourishment (kcal/cap/day) (3-year average),6128,Value,20152017,2017,kcal/capita/day,3716,F,
TUR,2016-01-01,2018-12-31,223,Turkey,22000,Dietary energy supply used in the estimation of prevalence of undernourishment (kcal/cap/day) (3-year average),6128,Value,20162018,2018,kcal/capita/day,3713,F,
TUR,2017-01-01,2019-12-31,223,Turkey,22000,Dietary energy supply used in the estimation of prevalence of undernourishment (kcal/cap/day) (3-year average),6128,Value,20172019,2019,kcal/capita/day,3732,F,
TUR,2018-01-01,2020-12-31,223,Turkey,22000,Dietary energy supply used in the estimation of prevalence of undernourishment (kcal/cap/day) (3-year average),6128,Value,20182020,2020,kcal/capita/day,3742,F,
TUR,2000-01-01,2002-12-31,223,Turkey,21012,"Share of dietary energy supply derived from cereals, roots and tubers (kcal/cap/day) (3-year average)",6121,Value,20002002,2002,%,53,F,
TUR,2001-01-01,2003-12-31,223,Turkey,21012,"Share of dietary energy supply derived from cereals, roots and tubers (kcal/cap/day) (3-year average)",6121,Value,20012003,2003,%,53,F,
TUR,2002-01-01,2004-12-31,223,Turkey,21012,"Share of dietary energy supply derived from cereals, roots and tubers (kcal/cap/day) (3-year average)",6121,Value,20022004,2004,%,53,F,
TUR,2003-01-01,2005-12-31,223,Turkey,21012,"Share of dietary energy supply derived from cereals, roots and tubers (kcal/cap/day) (3-year average)",6121,Value,20032005,2005,%,52,F,
TUR,2004-01-01,2006-12-31,223,Turkey,21012,"Share of dietary energy supply derived from cereals, roots and tubers (kcal/cap/day) (3-year average)",6121,Value,20042006,2006,%,51,F,
TUR,2005-01-01,2007-12-31,223,Turkey,21012,"Share of dietary energy supply derived from cereals, roots and tubers (kcal/cap/day) (3-year average)",6121,Value,20052007,2007,%,50,F,
TUR,2006-01-01,2008-12-31,223,Turkey,21012,"Share of dietary energy supply derived from cereals, roots and tubers (kcal/cap/day) (3-year average)",6121,Value,20062008,2008,%,49,F,
TUR,2007-01-01,2009-12-31,223,Turkey,21012,"Share of dietary energy supply derived from cereals, roots and tubers (kcal/cap/day) (3-year average)",6121,Value,20072009,2009,%,48,F,
TUR,2008-01-01,2010-12-31,223,Turkey,21012,"Share of dietary energy supply derived from cereals, roots and tubers (kcal/cap/day) (3-year average)",6121,Value,20082010,2010,%,48,F,
TUR,2009-01-01,2011-12-31,223,Turkey,21012,"Share of dietary energy supply derived from cereals, roots and tubers (kcal/cap/day) (3-year average)",6121,Value,20092011,2011,%,47,F,
TUR,2010-01-01,2012-12-31,223,Turkey,21012,"Share of dietary energy supply derived from cereals, roots and tubers (kcal/cap/day) (3-year average)",6121,Value,20102012,2012,%,46,F,
TUR,2011-01-01,2013-12-31,223,Turkey,21012,"Share of dietary energy supply derived from cereals, roots and tubers (kcal/cap/day) (3-year average)",6121,Value,20112013,2013,%,45,F,
TUR,2012-01-01,2014-12-31,223,Turkey,21012,"Share of dietary energy supply derived from cereals, roots and tubers (kcal/cap/day) (3-year average)",6121,Value,20122014,2014,%,45,F,
TUR,2013-01-01,2015-12-31,223,Turkey,21012,"Share of dietary energy supply derived from cereals, roots and tubers (kcal/cap/day) (3-year average)",6121,Value,20132015,2015,%,45,F,
TUR,2014-01-01,2016-12-31,223,Turkey,21012,"Share of dietary energy supply derived from cereals, roots and tubers (kcal/cap/day) (3-year average)",6121,Value,20142016,2016,%,45,F,
TUR,2015-01-01,2017-12-31,223,Turkey,21012,"Share of dietary energy supply derived from cereals, roots and tubers (kcal/cap/day) (3-year average)",6121,Value,20152017,2017,%,45,F,
TUR,2016-01-01,2018-12-31,223,Turkey,21012,"Share of dietary energy supply derived from cereals, roots and tubers (kcal/cap/day) (3-year average)",6121,Value,20162018,2018,%,44,F,
TUR,2000-01-01,2002-12-31,223,Turkey,21013,Average protein supply (g/cap/day) (3-year average),6123,Value,20002002,2002,g/capita/day,103.7,F,
TUR,2001-01-01,2003-12-31,223,Turkey,21013,Average protein supply (g/cap/day) (3-year average),6123,Value,20012003,2003,g/capita/day,102.7,F,
TUR,2002-01-01,2004-12-31,223,Turkey,21013,Average protein supply (g/cap/day) (3-year average),6123,Value,20022004,2004,g/capita/day,102.7,F,
TUR,2003-01-01,2005-12-31,223,Turkey,21013,Average protein supply (g/cap/day) (3-year average),6123,Value,20032005,2005,g/capita/day,102.7,F,
TUR,2004-01-01,2006-12-31,223,Turkey,21013,Average protein supply (g/cap/day) (3-year average),6123,Value,20042006,2006,g/capita/day,103,F,
TUR,2005-01-01,2007-12-31,223,Turkey,21013,Average protein supply (g/cap/day) (3-year average),6123,Value,20052007,2007,g/capita/day,102.7,F,
TUR,2006-01-01,2008-12-31,223,Turkey,21013,Average protein supply (g/cap/day) (3-year average),6123,Value,20062008,2008,g/capita/day,101.7,F,
TUR,2007-01-01,2009-12-31,223,Turkey,21013,Average protein supply (g/cap/day) (3-year average),6123,Value,20072009,2009,g/capita/day,100.7,F,
TUR,2008-01-01,2010-12-31,223,Turkey,21013,Average protein supply (g/cap/day) (3-year average),6123,Value,20082010,2010,g/capita/day,101,F,
TUR,2009-01-01,2011-12-31,223,Turkey,21013,Average protein supply (g/cap/day) (3-year average),6123,Value,20092011,2011,g/capita/day,102.4,F,
TUR,2010-01-01,2012-12-31,223,Turkey,21013,Average protein supply (g/cap/day) (3-year average),6123,Value,20102012,2012,g/capita/day,104.7,F,
TUR,2011-01-01,2013-12-31,223,Turkey,21013,Average protein supply (g/cap/day) (3-year average),6123,Value,20112013,2013,g/capita/day,106.4,F,
TUR,2012-01-01,2014-12-31,223,Turkey,21013,Average protein supply (g/cap/day) (3-year average),6123,Value,20122014,2014,g/capita/day,107.3,F,
TUR,2013-01-01,2015-12-31,223,Turkey,21013,Average protein supply (g/cap/day) (3-year average),6123,Value,20132015,2015,g/capita/day,108.3,F,
TUR,2014-01-01,2016-12-31,223,Turkey,21013,Average protein supply (g/cap/day) (3-year average),6123,Value,20142016,2016,g/capita/day,108.3,F,
TUR,2015-01-01,2017-12-31,223,Turkey,21013,Average protein supply (g/cap/day) (3-year average),6123,Value,20152017,2017,g/capita/day,109.3,F,
TUR,2016-01-01,2018-12-31,223,Turkey,21013,Average protein supply (g/cap/day) (3-year average),6123,Value,20162018,2018,g/capita/day,109.3,F,
TUR,2000-01-01,2002-12-31,223,Turkey,21014,Average supply of protein of animal origin (g/cap/day) (3-year average),6123,Value,20002002,2002,g/capita/day,24.3,F,
TUR,2001-01-01,2003-12-31,223,Turkey,21014,Average supply of protein of animal origin (g/cap/day) (3-year average),6123,Value,20012003,2003,g/capita/day,24.3,F,
TUR,2002-01-01,2004-12-31,223,Turkey,21014,Average supply of protein of animal origin (g/cap/day) (3-year average),6123,Value,20022004,2004,g/capita/day,25,F,
TUR,2003-01-01,2005-12-31,223,Turkey,21014,Average supply of protein of animal origin (g/cap/day) (3-year average),6123,Value,20032005,2005,g/capita/day,26,F,
TUR,2004-01-01,2006-12-31,223,Turkey,21014,Average supply of protein of animal origin (g/cap/day) (3-year average),6123,Value,20042006,2006,g/capita/day,26.3,F,
TUR,2005-01-01,2007-12-31,223,Turkey,21014,Average supply of protein of animal origin (g/cap/day) (3-year average),6123,Value,20052007,2007,g/capita/day,27,F,
TUR,2006-01-01,2008-12-31,223,Turkey,21014,Average supply of protein of animal origin (g/cap/day) (3-year average),6123,Value,20062008,2008,g/capita/day,27.3,F,
TUR,2007-01-01,2009-12-31,223,Turkey,21014,Average supply of protein of animal origin (g/cap/day) (3-year average),6123,Value,20072009,2009,g/capita/day,27.7,F,
TUR,2008-01-01,2010-12-31,223,Turkey,21014,Average supply of protein of animal origin (g/cap/day) (3-year average),6123,Value,20082010,2010,g/capita/day,28.3,F,
TUR,2009-01-01,2011-12-31,223,Turkey,21014,Average supply of protein of animal origin (g/cap/day) (3-year average),6123,Value,20092011,2011,g/capita/day,30,F,
TUR,2010-01-01,2012-12-31,223,Turkey,21014,Average supply of protein of animal origin (g/cap/day) (3-year average),6123,Value,20102012,2012,g/capita/day,32.4,F,
TUR,2011-01-01,2013-12-31,223,Turkey,21014,Average supply of protein of animal origin (g/cap/day) (3-year average),6123,Value,20112013,2013,g/capita/day,34.4,F,
TUR,2012-01-01,2014-12-31,223,Turkey,21014,Average supply of protein of animal origin (g/cap/day) (3-year average),6123,Value,20122014,2014,g/capita/day,35.7,F,
TUR,2013-01-01,2015-12-31,223,Turkey,21014,Average supply of protein of animal origin (g/cap/day) (3-year average),6123,Value,20132015,2015,g/capita/day,36,F,
TUR,2014-01-01,2016-12-31,223,Turkey,21014,Average supply of protein of animal origin (g/cap/day) (3-year average),6123,Value,20142016,2016,g/capita/day,36,F,
TUR,2015-01-01,2017-12-31,223,Turkey,21014,Average supply of protein of animal origin (g/cap/day) (3-year average),6123,Value,20152017,2017,g/capita/day,36.7,F,
TUR,2016-01-01,2018-12-31,223,Turkey,21014,Average supply of protein of animal origin (g/cap/day) (3-year average),6123,Value,20162018,2018,g/capita/day,37.7,F,
TUR,2000-01-01,2000-12-31,223,Turkey,21016,Rail lines density (total route in km per 100 square km of land area),6124,Value,2000,2000,per 100 square km of land area,1.1,X,
TUR,2001-01-01,2001-12-31,223,Turkey,21016,Rail lines density (total route in km per 100 square km of land area),6124,Value,2001,2001,per 100 square km of land area,1.1,X,
TUR,2002-01-01,2002-12-31,223,Turkey,21016,Rail lines density (total route in km per 100 square km of land area),6124,Value,2002,2002,per 100 square km of land area,1.1,X,
TUR,2003-01-01,2003-12-31,223,Turkey,21016,Rail lines density (total route in km per 100 square km of land area),6124,Value,2003,2003,per 100 square km of land area,1.1,X,
TUR,2004-01-01,2004-12-31,223,Turkey,21016,Rail lines density (total route in km per 100 square km of land area),6124,Value,2004,2004,per 100 square km of land area,1.1,X,
TUR,2005-01-01,2005-12-31,223,Turkey,21016,Rail lines density (total route in km per 100 square km of land area),6124,Value,2005,2005,per 100 square km of land area,1.1,X,
TUR,2006-01-01,2006-12-31,223,Turkey,21016,Rail lines density (total route in km per 100 square km of land area),6124,Value,2006,2006,per 100 square km of land area,1.1,X,
TUR,2007-01-01,2007-12-31,223,Turkey,21016,Rail lines density (total route in km per 100 square km of land area),6124,Value,2007,2007,per 100 square km of land area,1.1,X,
TUR,2008-01-01,2008-12-31,223,Turkey,21016,Rail lines density (total route in km per 100 square km of land area),6124,Value,2008,2008,per 100 square km of land area,1.1,X,
TUR,2009-01-01,2009-12-31,223,Turkey,21016,Rail lines density (total route in km per 100 square km of land area),6124,Value,2009,2009,per 100 square km of land area,1.2,X,
TUR,2010-01-01,2010-12-31,223,Turkey,21016,Rail lines density (total route in km per 100 square km of land area),6124,Value,2010,2010,per 100 square km of land area,1.2,X,
TUR,2011-01-01,2011-12-31,223,Turkey,21016,Rail lines density (total route in km per 100 square km of land area),6124,Value,2011,2011,per 100 square km of land area,1.2,X,
TUR,2012-01-01,2012-12-31,223,Turkey,21016,Rail lines density (total route in km per 100 square km of land area),6124,Value,2012,2012,per 100 square km of land area,1.2,X,
TUR,2013-01-01,2013-12-31,223,Turkey,21016,Rail lines density (total route in km per 100 square km of land area),6124,Value,2013,2013,per 100 square km of land area,1.2,X,
TUR,2014-01-01,2014-12-31,223,Turkey,21016,Rail lines density (total route in km per 100 square km of land area),6124,Value,2014,2014,per 100 square km of land area,1.3,X,
TUR,2015-01-01,2015-12-31,223,Turkey,21016,Rail lines density (total route in km per 100 square km of land area),6124,Value,2015,2015,per 100 square km of land area,1.3,X,
TUR,2016-01-01,2016-12-31,223,Turkey,21016,Rail lines density (total route in km per 100 square km of land area),6124,Value,2016,2016,per 100 square km of land area,1.3,X,
TUR,2017-01-01,2017-12-31,223,Turkey,21016,Rail lines density (total route in km per 100 square km of land area),6124,Value,2017,2017,per 100 square km of land area,1.3,X,
TUR,2018-01-01,2018-12-31,223,Turkey,21016,Rail lines density (total route in km per 100 square km of land area),6124,Value,2018,2018,per 100 square km of land area,1.3,X,
TUR,2000-01-01,2000-12-31,223,Turkey,22013,"Gross domestic product per capita, PPP, dissemination (constant 2011 international $)",6126,Value,2000,2000,I$,15433.6,X,
TUR,2001-01-01,2001-12-31,223,Turkey,22013,"Gross domestic product per capita, PPP, dissemination (constant 2011 international $)",6126,Value,2001,2001,I$,14330.4,X,
TUR,2002-01-01,2002-12-31,223,Turkey,22013,"Gross domestic product per capita, PPP, dissemination (constant 2011 international $)",6126,Value,2002,2002,I$,15031.2,X,
TUR,2003-01-01,2003-12-31,223,Turkey,22013,"Gross domestic product per capita, PPP, dissemination (constant 2011 international $)",6126,Value,2003,2003,I$,15670.4,X,
TUR,2004-01-01,2004-12-31,223,Turkey,22013,"Gross domestic product per capita, PPP, dissemination (constant 2011 international $)",6126,Value,2004,2004,I$,16968.9,X,
TUR,2005-01-01,2005-12-31,223,Turkey,22013,"Gross domestic product per capita, PPP, dissemination (constant 2011 international $)",6126,Value,2005,2005,I$,18251.7,X,
TUR,2006-01-01,2006-12-31,223,Turkey,22013,"Gross domestic product per capita, PPP, dissemination (constant 2011 international $)",6126,Value,2006,2006,I$,19277.5,X,
TUR,2007-01-01,2007-12-31,223,Turkey,22013,"Gross domestic product per capita, PPP, dissemination (constant 2011 international $)",6126,Value,2007,2007,I$,20009.7,X,
TUR,2008-01-01,2008-12-31,223,Turkey,22013,"Gross domestic product per capita, PPP, dissemination (constant 2011 international $)",6126,Value,2008,2008,I$,19933.1,X,
TUR,2009-01-01,2009-12-31,223,Turkey,22013,"Gross domestic product per capita, PPP, dissemination (constant 2011 international $)",6126,Value,2009,2009,I$,18731.5,X,
TUR,2010-01-01,2010-12-31,223,Turkey,22013,"Gross domestic product per capita, PPP, dissemination (constant 2011 international $)",6126,Value,2010,2010,I$,20027.7,X,
TUR,2011-01-01,2011-12-31,223,Turkey,22013,"Gross domestic product per capita, PPP, dissemination (constant 2011 international $)",6126,Value,2011,2011,I$,21932.3,X,
TUR,2012-01-01,2012-12-31,223,Turkey,22013,"Gross domestic product per capita, PPP, dissemination (constant 2011 international $)",6126,Value,2012,2012,I$,22610.7,X,
TUR,2013-01-01,2013-12-31,223,Turkey,22013,"Gross domestic product per capita, PPP, dissemination (constant 2011 international $)",6126,Value,2013,2013,I$,24117.7,X,
TUR,2014-01-01,2014-12-31,223,Turkey,22013,"Gross domestic product per capita, PPP, dissemination (constant 2011 international $)",6126,Value,2014,2014,I$,24881.7,X,
TUR,2015-01-01,2015-12-31,223,Turkey,22013,"Gross domestic product per capita, PPP, dissemination (constant 2011 international $)",6126,Value,2015,2015,I$,25958.6,X,
TUR,2016-01-01,2016-12-31,223,Turkey,22013,"Gross domestic product per capita, PPP, dissemination (constant 2011 international $)",6126,Value,2016,2016,I$,26385,X,
TUR,2017-01-01,2017-12-31,223,Turkey,22013,"Gross domestic product per capita, PPP, dissemination (constant 2011 international $)",6126,Value,2017,2017,I$,27913.8,X,
TUR,2018-01-01,2018-12-31,223,Turkey,22013,"Gross domestic product per capita, PPP, dissemination (constant 2011 international $)",6126,Value,2018,2018,I$,28312.7,X,
TUR,2019-01-01,2019-12-31,223,Turkey,22013,"Gross domestic product per capita, PPP, dissemination (constant 2011 international $)",6126,Value,2019,2019,I$,28199.1,X,
TUR,2020-01-01,2020-12-31,223,Turkey,22013,"Gross domestic product per capita, PPP, dissemination (constant 2011 international $)",6126,Value,2020,2020,I$,28385,X,
TUR,2000-01-01,2002-12-31,223,Turkey,210041,Prevalence of undernourishment (percent) (3-year average),6121,Value,20002002,2002,%,<2.5,F,
TUR,2001-01-01,2003-12-31,223,Turkey,210041,Prevalence of undernourishment (percent) (3-year average),6121,Value,20012003,2003,%,<2.5,F,
TUR,2002-01-01,2004-12-31,223,Turkey,210041,Prevalence of undernourishment (percent) (3-year average),6121,Value,20022004,2004,%,<2.5,F,
TUR,2003-01-01,2005-12-31,223,Turkey,210041,Prevalence of undernourishment (percent) (3-year average),6121,Value,20032005,2005,%,<2.5,F,
TUR,2004-01-01,2006-12-31,223,Turkey,210041,Prevalence of undernourishment (percent) (3-year average),6121,Value,20042006,2006,%,<2.5,F,
TUR,2005-01-01,2007-12-31,223,Turkey,210041,Prevalence of undernourishment (percent) (3-year average),6121,Value,20052007,2007,%,<2.5,F,
TUR,2006-01-01,2008-12-31,223,Turkey,210041,Prevalence of undernourishment (percent) (3-year average),6121,Value,20062008,2008,%,<2.5,F,
TUR,2007-01-01,2009-12-31,223,Turkey,210041,Prevalence of undernourishment (percent) (3-year average),6121,Value,20072009,2009,%,<2.5,F,
TUR,2008-01-01,2010-12-31,223,Turkey,210041,Prevalence of undernourishment (percent) (3-year average),6121,Value,20082010,2010,%,<2.5,F,
TUR,2009-01-01,2011-12-31,223,Turkey,210041,Prevalence of undernourishment (percent) (3-year average),6121,Value,20092011,2011,%,<2.5,F,
TUR,2010-01-01,2012-12-31,223,Turkey,210041,Prevalence of undernourishment (percent) (3-year average),6121,Value,20102012,2012,%,<2.5,F,
TUR,2011-01-01,2013-12-31,223,Turkey,210041,Prevalence of undernourishment (percent) (3-year average),6121,Value,20112013,2013,%,<2.5,F,
TUR,2012-01-01,2014-12-31,223,Turkey,210041,Prevalence of undernourishment (percent) (3-year average),6121,Value,20122014,2014,%,<2.5,F,
TUR,2013-01-01,2015-12-31,223,Turkey,210041,Prevalence of undernourishment (percent) (3-year average),6121,Value,20132015,2015,%,<2.5,F,
TUR,2014-01-01,2016-12-31,223,Turkey,210041,Prevalence of undernourishment (percent) (3-year average),6121,Value,20142016,2016,%,<2.5,F,
TUR,2015-01-01,2017-12-31,223,Turkey,210041,Prevalence of undernourishment (percent) (3-year average),6121,Value,20152017,2017,%,<2.5,F,
TUR,2016-01-01,2018-12-31,223,Turkey,210041,Prevalence of undernourishment (percent) (3-year average),6121,Value,20162018,2018,%,<2.5,F,
TUR,2017-01-01,2019-12-31,223,Turkey,210041,Prevalence of undernourishment (percent) (3-year average),6121,Value,20172019,2019,%,<2.5,F,
TUR,2018-01-01,2020-12-31,223,Turkey,210041,Prevalence of undernourishment (percent) (3-year average),6121,Value,20182020,2020,%,<2.5,F,
TUR,2000-01-01,2002-12-31,223,Turkey,210011,Number of people undernourished (million) (3-year average),6132,Value,20002002,2002,millions,,NR,
TUR,2001-01-01,2003-12-31,223,Turkey,210011,Number of people undernourished (million) (3-year average),6132,Value,20012003,2003,millions,,NR,
TUR,2002-01-01,2004-12-31,223,Turkey,210011,Number of people undernourished (million) (3-year average),6132,Value,20022004,2004,millions,,NR,
TUR,2003-01-01,2005-12-31,223,Turkey,210011,Number of people undernourished (million) (3-year average),6132,Value,20032005,2005,millions,,NR,
TUR,2004-01-01,2006-12-31,223,Turkey,210011,Number of people undernourished (million) (3-year average),6132,Value,20042006,2006,millions,,NR,
TUR,2005-01-01,2007-12-31,223,Turkey,210011,Number of people undernourished (million) (3-year average),6132,Value,20052007,2007,millions,,NR,
TUR,2006-01-01,2008-12-31,223,Turkey,210011,Number of people undernourished (million) (3-year average),6132,Value,20062008,2008,millions,,NR,
TUR,2007-01-01,2009-12-31,223,Turkey,210011,Number of people undernourished (million) (3-year average),6132,Value,20072009,2009,millions,,NR,
TUR,2008-01-01,2010-12-31,223,Turkey,210011,Number of people undernourished (million) (3-year average),6132,Value,20082010,2010,millions,,NR,
TUR,2009-01-01,2011-12-31,223,Turkey,210011,Number of people undernourished (million) (3-year average),6132,Value,20092011,2011,millions,,NR,
TUR,2010-01-01,2012-12-31,223,Turkey,210011,Number of people undernourished (million) (3-year average),6132,Value,20102012,2012,millions,,NR,
TUR,2011-01-01,2013-12-31,223,Turkey,210011,Number of people undernourished (million) (3-year average),6132,Value,20112013,2013,millions,,NR,
TUR,2012-01-01,2014-12-31,223,Turkey,210011,Number of people undernourished (million) (3-year average),6132,Value,20122014,2014,millions,,NR,
TUR,2013-01-01,2015-12-31,223,Turkey,210011,Number of people undernourished (million) (3-year average),6132,Value,20132015,2015,millions,,NR,
TUR,2014-01-01,2016-12-31,223,Turkey,210011,Number of people undernourished (million) (3-year average),6132,Value,20142016,2016,millions,,NR,
TUR,2015-01-01,2017-12-31,223,Turkey,210011,Number of people undernourished (million) (3-year average),6132,Value,20152017,2017,millions,,NR,
TUR,2016-01-01,2018-12-31,223,Turkey,210011,Number of people undernourished (million) (3-year average),6132,Value,20162018,2018,millions,,NR,
TUR,2017-01-01,2019-12-31,223,Turkey,210011,Number of people undernourished (million) (3-year average),6132,Value,20172019,2019,millions,,NR,
TUR,2018-01-01,2020-12-31,223,Turkey,210011,Number of people undernourished (million) (3-year average),6132,Value,20182020,2020,millions,,NR,
TUR,2014-01-01,2016-12-31,223,Turkey,210401,Prevalence of severe food insecurity in the total population (percent) (3-year average),6121,Value,20142016,2016,%,,NR,
TUR,2015-01-01,2017-12-31,223,Turkey,210401,Prevalence of severe food insecurity in the total population (percent) (3-year average),6121,Value,20152017,2017,%,,NR,
TUR,2016-01-01,2018-12-31,223,Turkey,210401,Prevalence of severe food insecurity in the total population (percent) (3-year average),6121,Value,20162018,2018,%,,NR,
TUR,2017-01-01,2019-12-31,223,Turkey,210401,Prevalence of severe food insecurity in the total population (percent) (3-year average),6121,Value,20172019,2019,%,,NR,
TUR,2018-01-01,2020-12-31,223,Turkey,210401,Prevalence of severe food insecurity in the total population (percent) (3-year average),6121,Value,20182020,2020,%,,NR,
TUR,2014-01-01,2016-12-31,223,Turkey,210091,Prevalence of moderate or severe food insecurity in the total population (percent) (3-year average),6121,Value,20142016,2016,%,,NR,
TUR,2015-01-01,2017-12-31,223,Turkey,210091,Prevalence of moderate or severe food insecurity in the total population (percent) (3-year average),6121,Value,20152017,2017,%,,NR,
TUR,2016-01-01,2018-12-31,223,Turkey,210091,Prevalence of moderate or severe food insecurity in the total population (percent) (3-year average),6121,Value,20162018,2018,%,,NR,
TUR,2017-01-01,2019-12-31,223,Turkey,210091,Prevalence of moderate or severe food insecurity in the total population (percent) (3-year average),6121,Value,20172019,2019,%,,NR,
TUR,2018-01-01,2020-12-31,223,Turkey,210091,Prevalence of moderate or severe food insecurity in the total population (percent) (3-year average),6121,Value,20182020,2020,%,,NR,
TUR,2014-01-01,2016-12-31,223,Turkey,210071,Number of severely food insecure people (million) (3-year average),6132,Value,20142016,2016,millions,,NR,
TUR,2015-01-01,2017-12-31,223,Turkey,210071,Number of severely food insecure people (million) (3-year average),6132,Value,20152017,2017,millions,,NR,
TUR,2016-01-01,2018-12-31,223,Turkey,210071,Number of severely food insecure people (million) (3-year average),6132,Value,20162018,2018,millions,,NR,
TUR,2017-01-01,2019-12-31,223,Turkey,210071,Number of severely food insecure people (million) (3-year average),6132,Value,20172019,2019,millions,,NR,
TUR,2018-01-01,2020-12-31,223,Turkey,210071,Number of severely food insecure people (million) (3-year average),6132,Value,20182020,2020,millions,,NR,
TUR,2014-01-01,2016-12-31,223,Turkey,210081,Number of moderately or severely food insecure people (million) (3-year average),6132,Value,20142016,2016,millions,,NR,
TUR,2015-01-01,2017-12-31,223,Turkey,210081,Number of moderately or severely food insecure people (million) (3-year average),6132,Value,20152017,2017,millions,,NR,
TUR,2016-01-01,2018-12-31,223,Turkey,210081,Number of moderately or severely food insecure people (million) (3-year average),6132,Value,20162018,2018,millions,,NR,
TUR,2017-01-01,2019-12-31,223,Turkey,210081,Number of moderately or severely food insecure people (million) (3-year average),6132,Value,20172019,2019,millions,,NR,
TUR,2018-01-01,2020-12-31,223,Turkey,210081,Number of moderately or severely food insecure people (million) (3-year average),6132,Value,20182020,2020,millions,,NR,
TUR,2000-01-01,2002-12-31,223,Turkey,21035,Cereal import dependency ratio (percent) (3-year average),6121,Value,20002002,2002,%,1.1,F,
TUR,2001-01-01,2003-12-31,223,Turkey,21035,Cereal import dependency ratio (percent) (3-year average),6121,Value,20012003,2003,%,3.8,F,
TUR,2002-01-01,2004-12-31,223,Turkey,21035,Cereal import dependency ratio (percent) (3-year average),6121,Value,20022004,2004,%,5.5,F,
TUR,2003-01-01,2005-12-31,223,Turkey,21035,Cereal import dependency ratio (percent) (3-year average),6121,Value,20032005,2005,%,0.8,F,
TUR,2004-01-01,2006-12-31,223,Turkey,21035,Cereal import dependency ratio (percent) (3-year average),6121,Value,20042006,2006,%,-4.8,F,
TUR,2005-01-01,2007-12-31,223,Turkey,21035,Cereal import dependency ratio (percent) (3-year average),6121,Value,20052007,2007,%,-4.5,F,
TUR,2006-01-01,2008-12-31,223,Turkey,21035,Cereal import dependency ratio (percent) (3-year average),6121,Value,20062008,2008,%,2.1,F,
TUR,2007-01-01,2009-12-31,223,Turkey,21035,Cereal import dependency ratio (percent) (3-year average),6121,Value,20072009,2009,%,5.3,F,
TUR,2008-01-01,2010-12-31,223,Turkey,21035,Cereal import dependency ratio (percent) (3-year average),6121,Value,20082010,2010,%,2.4,F,
TUR,2009-01-01,2011-12-31,223,Turkey,21035,Cereal import dependency ratio (percent) (3-year average),6121,Value,20092011,2011,%,0.8,F,
TUR,2010-01-01,2012-12-31,223,Turkey,21035,Cereal import dependency ratio (percent) (3-year average),6121,Value,20102012,2012,%,1.3,F,
TUR,2011-01-01,2013-12-31,223,Turkey,21035,Cereal import dependency ratio (percent) (3-year average),6121,Value,20112013,2013,%,4,F,
TUR,2012-01-01,2014-12-31,223,Turkey,21035,Cereal import dependency ratio (percent) (3-year average),6121,Value,20122014,2014,%,5.1,F,
TUR,2013-01-01,2015-12-31,223,Turkey,21035,Cereal import dependency ratio (percent) (3-year average),6121,Value,20132015,2015,%,5,F,
TUR,2014-01-01,2016-12-31,223,Turkey,21035,Cereal import dependency ratio (percent) (3-year average),6121,Value,20142016,2016,%,2.1,F,
TUR,2015-01-01,2017-12-31,223,Turkey,21035,Cereal import dependency ratio (percent) (3-year average),6121,Value,20152017,2017,%,0,F,
TUR,2016-01-01,2018-12-31,223,Turkey,21035,Cereal import dependency ratio (percent) (3-year average),6121,Value,20162018,2018,%,0.8,F,
TUR,2000-01-01,2002-12-31,223,Turkey,21034,Percent of arable land equipped for irrigation (percent) (3-year average),6121,Value,20002002,2002,%,20.9,F,
TUR,2001-01-01,2003-12-31,223,Turkey,21034,Percent of arable land equipped for irrigation (percent) (3-year average),6121,Value,20012003,2003,%,21.7,F,
TUR,2002-01-01,2004-12-31,223,Turkey,21034,Percent of arable land equipped for irrigation (percent) (3-year average),6121,Value,20022004,2004,%,22,F,
TUR,2003-01-01,2005-12-31,223,Turkey,21034,Percent of arable land equipped for irrigation (percent) (3-year average),6121,Value,20032005,2005,%,22,F,
TUR,2004-01-01,2006-12-31,223,Turkey,21034,Percent of arable land equipped for irrigation (percent) (3-year average),6121,Value,20042006,2006,%,22.1,F,
TUR,2005-01-01,2007-12-31,223,Turkey,21034,Percent of arable land equipped for irrigation (percent) (3-year average),6121,Value,20052007,2007,%,22.7,F,
TUR,2006-01-01,2008-12-31,223,Turkey,21034,Percent of arable land equipped for irrigation (percent) (3-year average),6121,Value,20062008,2008,%,23.5,F,
TUR,2007-01-01,2009-12-31,223,Turkey,21034,Percent of arable land equipped for irrigation (percent) (3-year average),6121,Value,20072009,2009,%,24.1,F,
TUR,2008-01-01,2010-12-31,223,Turkey,21034,Percent of arable land equipped for irrigation (percent) (3-year average),6121,Value,20082010,2010,%,24.3,F,
TUR,2009-01-01,2011-12-31,223,Turkey,21034,Percent of arable land equipped for irrigation (percent) (3-year average),6121,Value,20092011,2011,%,24.7,F,
TUR,2010-01-01,2012-12-31,223,Turkey,21034,Percent of arable land equipped for irrigation (percent) (3-year average),6121,Value,20102012,2012,%,25,F,
TUR,2011-01-01,2013-12-31,223,Turkey,21034,Percent of arable land equipped for irrigation (percent) (3-year average),6121,Value,20112013,2013,%,25.4,F,
TUR,2012-01-01,2014-12-31,223,Turkey,21034,Percent of arable land equipped for irrigation (percent) (3-year average),6121,Value,20122014,2014,%,25.3,F,
TUR,2013-01-01,2015-12-31,223,Turkey,21034,Percent of arable land equipped for irrigation (percent) (3-year average),6121,Value,20132015,2015,%,25.3,F,
TUR,2014-01-01,2016-12-31,223,Turkey,21034,Percent of arable land equipped for irrigation (percent) (3-year average),6121,Value,20142016,2016,%,25.3,F,
TUR,2015-01-01,2017-12-31,223,Turkey,21034,Percent of arable land equipped for irrigation (percent) (3-year average),6121,Value,20152017,2017,%,25.6,F,
TUR,2016-01-01,2018-12-31,223,Turkey,21034,Percent of arable land equipped for irrigation (percent) (3-year average),6121,Value,20162018,2018,%,26,F,
TUR,2000-01-01,2002-12-31,223,Turkey,21033,Value of food imports in total merchandise exports (percent) (3-year average),6121,Value,20002002,2002,%,4,F,
TUR,2001-01-01,2003-12-31,223,Turkey,21033,Value of food imports in total merchandise exports (percent) (3-year average),6121,Value,20012003,2003,%,4,F,
TUR,2002-01-01,2004-12-31,223,Turkey,21033,Value of food imports in total merchandise exports (percent) (3-year average),6121,Value,20022004,2004,%,4,F,
TUR,2003-01-01,2005-12-31,223,Turkey,21033,Value of food imports in total merchandise exports (percent) (3-year average),6121,Value,20032005,2005,%,4,F,
TUR,2004-01-01,2006-12-31,223,Turkey,21033,Value of food imports in total merchandise exports (percent) (3-year average),6121,Value,20042006,2006,%,3,F,
TUR,2005-01-01,2007-12-31,223,Turkey,21033,Value of food imports in total merchandise exports (percent) (3-year average),6121,Value,20052007,2007,%,4,F,
TUR,2006-01-01,2008-12-31,223,Turkey,21033,Value of food imports in total merchandise exports (percent) (3-year average),6121,Value,20062008,2008,%,4,F,
TUR,2007-01-01,2009-12-31,223,Turkey,21033,Value of food imports in total merchandise exports (percent) (3-year average),6121,Value,20072009,2009,%,5,F,
TUR,2008-01-01,2010-12-31,223,Turkey,21033,Value of food imports in total merchandise exports (percent) (3-year average),6121,Value,20082010,2010,%,5,F,
TUR,2009-01-01,2011-12-31,223,Turkey,21033,Value of food imports in total merchandise exports (percent) (3-year average),6121,Value,20092011,2011,%,6,F,
TUR,2010-01-01,2012-12-31,223,Turkey,21033,Value of food imports in total merchandise exports (percent) (3-year average),6121,Value,20102012,2012,%,6,F,
TUR,2011-01-01,2013-12-31,223,Turkey,21033,Value of food imports in total merchandise exports (percent) (3-year average),6121,Value,20112013,2013,%,6,F,
TUR,2012-01-01,2014-12-31,223,Turkey,21033,Value of food imports in total merchandise exports (percent) (3-year average),6121,Value,20122014,2014,%,6,F,
TUR,2013-01-01,2015-12-31,223,Turkey,21033,Value of food imports in total merchandise exports (percent) (3-year average),6121,Value,20132015,2015,%,6,F,
TUR,2014-01-01,2016-12-31,223,Turkey,21033,Value of food imports in total merchandise exports (percent) (3-year average),6121,Value,20142016,2016,%,6,F,
TUR,2015-01-01,2017-12-31,223,Turkey,21033,Value of food imports in total merchandise exports (percent) (3-year average),6121,Value,20152017,2017,%,6,F,
TUR,2016-01-01,2018-12-31,223,Turkey,21033,Value of food imports in total merchandise exports (percent) (3-year average),6121,Value,20162018,2018,%,6,F,
TUR,2017-01-01,2019-12-31,223,Turkey,21033,Value of food imports in total merchandise exports (percent) (3-year average),6121,Value,20172019,2019,%,6,F,
TUR,2000-01-01,2000-12-31,223,Turkey,21032,Political stability and absence of violence/terrorism (index),6125,Value,2000,2000,index,-0.8,X,
TUR,2002-01-01,2002-12-31,223,Turkey,21032,Political stability and absence of violence/terrorism (index),6125,Value,2002,2002,index,-0.81,X,
TUR,2003-01-01,2003-12-31,223,Turkey,21032,Political stability and absence of violence/terrorism (index),6125,Value,2003,2003,index,-0.77,X,
TUR,2004-01-01,2004-12-31,223,Turkey,21032,Political stability and absence of violence/terrorism (index),6125,Value,2004,2004,index,-0.83,X,
TUR,2005-01-01,2005-12-31,223,Turkey,21032,Political stability and absence of violence/terrorism (index),6125,Value,2005,2005,index,-0.6,X,
TUR,2006-01-01,2006-12-31,223,Turkey,21032,Political stability and absence of violence/terrorism (index),6125,Value,2006,2006,index,-0.59,X,
TUR,2007-01-01,2007-12-31,223,Turkey,21032,Political stability and absence of violence/terrorism (index),6125,Value,2007,2007,index,-0.82,X,
TUR,2008-01-01,2008-12-31,223,Turkey,21032,Political stability and absence of violence/terrorism (index),6125,Value,2008,2008,index,-0.82,X,
TUR,2009-01-01,2009-12-31,223,Turkey,21032,Political stability and absence of violence/terrorism (index),6125,Value,2009,2009,index,-1.03,X,
TUR,2010-01-01,2010-12-31,223,Turkey,21032,Political stability and absence of violence/terrorism (index),6125,Value,2010,2010,index,-0.92,X,
TUR,2011-01-01,2011-12-31,223,Turkey,21032,Political stability and absence of violence/terrorism (index),6125,Value,2011,2011,index,-0.96,X,
TUR,2012-01-01,2012-12-31,223,Turkey,21032,Political stability and absence of violence/terrorism (index),6125,Value,2012,2012,index,-1.22,X,
TUR,2013-01-01,2013-12-31,223,Turkey,21032,Political stability and absence of violence/terrorism (index),6125,Value,2013,2013,index,-1.25,X,
TUR,2014-01-01,2014-12-31,223,Turkey,21032,Political stability and absence of violence/terrorism (index),6125,Value,2014,2014,index,-1.09,X,
TUR,2015-01-01,2015-12-31,223,Turkey,21032,Political stability and absence of violence/terrorism (index),6125,Value,2015,2015,index,-1.49,X,
TUR,2016-01-01,2016-12-31,223,Turkey,21032,Political stability and absence of violence/terrorism (index),6125,Value,2016,2016,index,-2.01,X,
TUR,2017-01-01,2017-12-31,223,Turkey,21032,Political stability and absence of violence/terrorism (index),6125,Value,2017,2017,index,-1.79,X,
TUR,2018-01-01,2018-12-31,223,Turkey,21032,Political stability and absence of violence/terrorism (index),6125,Value,2018,2018,index,-1.31,X,
TUR,2019-01-01,2019-12-31,223,Turkey,21032,Political stability and absence of violence/terrorism (index),6125,Value,2019,2019,index,-1.34,X,
TUR,2001-01-01,2001-12-31,223,Turkey,21030,Per capita food production variability (constant 2004-2006 thousand int$ per capita),6127,Value,2001,2001,1000 I$,14.5,F,
TUR,2002-01-01,2002-12-31,223,Turkey,21030,Per capita food production variability (constant 2004-2006 thousand int$ per capita),6127,Value,2002,2002,1000 I$,21,F,
TUR,2003-01-01,2003-12-31,223,Turkey,21030,Per capita food production variability (constant 2004-2006 thousand int$ per capita),6127,Value,2003,2003,1000 I$,20.5,F,
TUR,2004-01-01,2004-12-31,223,Turkey,21030,Per capita food production variability (constant 2004-2006 thousand int$ per capita),6127,Value,2004,2004,1000 I$,14.8,F,
TUR,2005-01-01,2005-12-31,223,Turkey,21030,Per capita food production variability (constant 2004-2006 thousand int$ per capita),6127,Value,2005,2005,1000 I$,14.7,F,
TUR,2006-01-01,2006-12-31,223,Turkey,21030,Per capita food production variability (constant 2004-2006 thousand int$ per capita),6127,Value,2006,2006,1000 I$,12.1,F,
TUR,2007-01-01,2007-12-31,223,Turkey,21030,Per capita food production variability (constant 2004-2006 thousand int$ per capita),6127,Value,2007,2007,1000 I$,11.1,F,
TUR,2008-01-01,2008-12-31,223,Turkey,21030,Per capita food production variability (constant 2004-2006 thousand int$ per capita),6127,Value,2008,2008,1000 I$,12.2,F,
TUR,2009-01-01,2009-12-31,223,Turkey,21030,Per capita food production variability (constant 2004-2006 thousand int$ per capita),6127,Value,2009,2009,1000 I$,11.8,F,
TUR,2010-01-01,2010-12-31,223,Turkey,21030,Per capita food production variability (constant 2004-2006 thousand int$ per capita),6127,Value,2010,2010,1000 I$,9.8,F,
TUR,2011-01-01,2011-12-31,223,Turkey,21030,Per capita food production variability (constant 2004-2006 thousand int$ per capita),6127,Value,2011,2011,1000 I$,9.2,F,
TUR,2012-01-01,2012-12-31,223,Turkey,21030,Per capita food production variability (constant 2004-2006 thousand int$ per capita),6127,Value,2012,2012,1000 I$,10.3,F,
TUR,2013-01-01,2013-12-31,223,Turkey,21030,Per capita food production variability (constant 2004-2006 thousand int$ per capita),6127,Value,2013,2013,1000 I$,12.2,F,
TUR,2014-01-01,2014-12-31,223,Turkey,21030,Per capita food production variability (constant 2004-2006 thousand int$ per capita),6127,Value,2014,2014,1000 I$,11.3,F,
TUR,2015-01-01,2015-12-31,223,Turkey,21030,Per capita food production variability (constant 2004-2006 thousand int$ per capita),6127,Value,2015,2015,1000 I$,13.8,F,
TUR,2016-01-01,2016-12-31,223,Turkey,21030,Per capita food production variability (constant 2004-2006 thousand int$ per capita),6127,Value,2016,2016,1000 I$,14.8,F,
TUR,2017-01-01,2017-12-31,223,Turkey,21030,Per capita food production variability (constant 2004-2006 thousand int$ per capita),6127,Value,2017,2017,1000 I$,19.3,F,
TUR,2000-01-01,2000-12-31,223,Turkey,21031,Per capita food supply variability (kcal/cap/day),6128,Value,2000,2000,kcal/capita/day,39,F,
TUR,2001-01-01,2001-12-31,223,Turkey,21031,Per capita food supply variability (kcal/cap/day),6128,Value,2001,2001,kcal/capita/day,34,F,
TUR,2002-01-01,2002-12-31,223,Turkey,21031,Per capita food supply variability (kcal/cap/day),6128,Value,2002,2002,kcal/capita/day,30,F,
TUR,2003-01-01,2003-12-31,223,Turkey,21031,Per capita food supply variability (kcal/cap/day),6128,Value,2003,2003,kcal/capita/day,20,F,
TUR,2004-01-01,2004-12-31,223,Turkey,21031,Per capita food supply variability (kcal/cap/day),6128,Value,2004,2004,kcal/capita/day,22,F,
TUR,2005-01-01,2005-12-31,223,Turkey,21031,Per capita food supply variability (kcal/cap/day),6128,Value,2005,2005,kcal/capita/day,20,F,
TUR,2006-01-01,2006-12-31,223,Turkey,21031,Per capita food supply variability (kcal/cap/day),6128,Value,2006,2006,kcal/capita/day,13,F,
TUR,2007-01-01,2007-12-31,223,Turkey,21031,Per capita food supply variability (kcal/cap/day),6128,Value,2007,2007,kcal/capita/day,29,F,
TUR,2008-01-01,2008-12-31,223,Turkey,21031,Per capita food supply variability (kcal/cap/day),6128,Value,2008,2008,kcal/capita/day,30,F,
TUR,2009-01-01,2009-12-31,223,Turkey,21031,Per capita food supply variability (kcal/cap/day),6128,Value,2009,2009,kcal/capita/day,22,F,
TUR,2010-01-01,2010-12-31,223,Turkey,21031,Per capita food supply variability (kcal/cap/day),6128,Value,2010,2010,kcal/capita/day,19,F,
TUR,2011-01-01,2011-12-31,223,Turkey,21031,Per capita food supply variability (kcal/cap/day),6128,Value,2011,2011,kcal/capita/day,18,F,
TUR,2012-01-01,2012-12-31,223,Turkey,21031,Per capita food supply variability (kcal/cap/day),6128,Value,2012,2012,kcal/capita/day,20,F,
TUR,2013-01-01,2013-12-31,223,Turkey,21031,Per capita food supply variability (kcal/cap/day),6128,Value,2013,2013,kcal/capita/day,21,F,
TUR,2014-01-01,2014-12-31,223,Turkey,21031,Per capita food supply variability (kcal/cap/day),6128,Value,2014,2014,kcal/capita/day,11,F,
TUR,2015-01-01,2015-12-31,223,Turkey,21031,Per capita food supply variability (kcal/cap/day),6128,Value,2015,2015,kcal/capita/day,12,F,
TUR,2016-01-01,2016-12-31,223,Turkey,21031,Per capita food supply variability (kcal/cap/day),6128,Value,2016,2016,kcal/capita/day,17,F,
TUR,2017-01-01,2017-12-31,223,Turkey,21031,Per capita food supply variability (kcal/cap/day),6128,Value,2017,2017,kcal/capita/day,22,F,
TUR,2018-01-01,2018-12-31,223,Turkey,21031,Per capita food supply variability (kcal/cap/day),6128,Value,2018,2018,kcal/capita/day,21,F,
TUR,2019-01-01,2019-12-31,223,Turkey,21031,Per capita food supply variability (kcal/cap/day),6128,Value,2019,2019,kcal/capita/day,32,F,
TUR,2000-01-01,2000-12-31,223,Turkey,21047,Percentage of population using at least basic drinking water services (percent),6121,Value,2000,2000,%,93.6,X,
TUR,2001-01-01,2001-12-31,223,Turkey,21047,Percentage of population using at least basic drinking water services (percent),6121,Value,2001,2001,%,93.6,X,
TUR,2002-01-01,2002-12-31,223,Turkey,21047,Percentage of population using at least basic drinking water services (percent),6121,Value,2002,2002,%,93.9,X,
TUR,2003-01-01,2003-12-31,223,Turkey,21047,Percentage of population using at least basic drinking water services (percent),6121,Value,2003,2003,%,94.1,X,
TUR,2004-01-01,2004-12-31,223,Turkey,21047,Percentage of population using at least basic drinking water services (percent),6121,Value,2004,2004,%,94.3,X,
TUR,2005-01-01,2005-12-31,223,Turkey,21047,Percentage of population using at least basic drinking water services (percent),6121,Value,2005,2005,%,94.5,X,
TUR,2006-01-01,2006-12-31,223,Turkey,21047,Percentage of population using at least basic drinking water services (percent),6121,Value,2006,2006,%,94.7,X,
TUR,2007-01-01,2007-12-31,223,Turkey,21047,Percentage of population using at least basic drinking water services (percent),6121,Value,2007,2007,%,94.9,X,
TUR,2008-01-01,2008-12-31,223,Turkey,21047,Percentage of population using at least basic drinking water services (percent),6121,Value,2008,2008,%,95,X,
TUR,2009-01-01,2009-12-31,223,Turkey,21047,Percentage of population using at least basic drinking water services (percent),6121,Value,2009,2009,%,95.2,X,
TUR,2010-01-01,2010-12-31,223,Turkey,21047,Percentage of population using at least basic drinking water services (percent),6121,Value,2010,2010,%,95.4,X,
TUR,2011-01-01,2011-12-31,223,Turkey,21047,Percentage of population using at least basic drinking water services (percent),6121,Value,2011,2011,%,95.6,X,
TUR,2012-01-01,2012-12-31,223,Turkey,21047,Percentage of population using at least basic drinking water services (percent),6121,Value,2012,2012,%,95.8,X,
TUR,2013-01-01,2013-12-31,223,Turkey,21047,Percentage of population using at least basic drinking water services (percent),6121,Value,2013,2013,%,95.9,X,
TUR,2014-01-01,2014-12-31,223,Turkey,21047,Percentage of population using at least basic drinking water services (percent),6121,Value,2014,2014,%,96.1,X,
TUR,2015-01-01,2015-12-31,223,Turkey,21047,Percentage of population using at least basic drinking water services (percent),6121,Value,2015,2015,%,96.3,X,
TUR,2016-01-01,2016-12-31,223,Turkey,21047,Percentage of population using at least basic drinking water services (percent),6121,Value,2016,2016,%,96.4,X,
TUR,2017-01-01,2017-12-31,223,Turkey,21047,Percentage of population using at least basic drinking water services (percent),6121,Value,2017,2017,%,96.6,X,
TUR,2018-01-01,2018-12-31,223,Turkey,21047,Percentage of population using at least basic drinking water services (percent),6121,Value,2018,2018,%,96.7,X,
TUR,2019-01-01,2019-12-31,223,Turkey,21047,Percentage of population using at least basic drinking water services (percent),6121,Value,2019,2019,%,96.9,X,
TUR,2020-01-01,2020-12-31,223,Turkey,21047,Percentage of population using at least basic drinking water services (percent),6121,Value,2020,2020,%,97,X,
TUR,2000-01-01,2000-12-31,223,Turkey,21046,Percentage of population using safely managed sanitation services (Percent),6121,Value,2000,2000,%,59,X,
TUR,2001-01-01,2001-12-31,223,Turkey,21046,Percentage of population using safely managed sanitation services (Percent),6121,Value,2001,2001,%,59,X,
TUR,2002-01-01,2002-12-31,223,Turkey,21046,Percentage of population using safely managed sanitation services (Percent),6121,Value,2002,2002,%,59.6,X,
TUR,2003-01-01,2003-12-31,223,Turkey,21046,Percentage of population using safely managed sanitation services (Percent),6121,Value,2003,2003,%,60.2,X,
TUR,2004-01-01,2004-12-31,223,Turkey,21046,Percentage of population using safely managed sanitation services (Percent),6121,Value,2004,2004,%,61.4,X,
TUR,2005-01-01,2005-12-31,223,Turkey,21046,Percentage of population using safely managed sanitation services (Percent),6121,Value,2005,2005,%,62.7,X,
TUR,2006-01-01,2006-12-31,223,Turkey,21046,Percentage of population using safely managed sanitation services (Percent),6121,Value,2006,2006,%,63.9,X,
TUR,2007-01-01,2007-12-31,223,Turkey,21046,Percentage of population using safely managed sanitation services (Percent),6121,Value,2007,2007,%,65,X,
TUR,2008-01-01,2008-12-31,223,Turkey,21046,Percentage of population using safely managed sanitation services (Percent),6121,Value,2008,2008,%,66.1,X,
TUR,2009-01-01,2009-12-31,223,Turkey,21046,Percentage of population using safely managed sanitation services (Percent),6121,Value,2009,2009,%,67.3,X,
TUR,2010-01-01,2010-12-31,223,Turkey,21046,Percentage of population using safely managed sanitation services (Percent),6121,Value,2010,2010,%,68.4,X,
TUR,2011-01-01,2011-12-31,223,Turkey,21046,Percentage of population using safely managed sanitation services (Percent),6121,Value,2011,2011,%,69.5,X,
TUR,2012-01-01,2012-12-31,223,Turkey,21046,Percentage of population using safely managed sanitation services (Percent),6121,Value,2012,2012,%,70.7,X,
TUR,2013-01-01,2013-12-31,223,Turkey,21046,Percentage of population using safely managed sanitation services (Percent),6121,Value,2013,2013,%,71.8,X,
TUR,2014-01-01,2014-12-31,223,Turkey,21046,Percentage of population using safely managed sanitation services (Percent),6121,Value,2014,2014,%,73,X,
TUR,2015-01-01,2015-12-31,223,Turkey,21046,Percentage of population using safely managed sanitation services (Percent),6121,Value,2015,2015,%,74.2,X,
TUR,2016-01-01,2016-12-31,223,Turkey,21046,Percentage of population using safely managed sanitation services (Percent),6121,Value,2016,2016,%,75.3,X,
TUR,2017-01-01,2017-12-31,223,Turkey,21046,Percentage of population using safely managed sanitation services (Percent),6121,Value,2017,2017,%,76.5,X,
TUR,2018-01-01,2018-12-31,223,Turkey,21046,Percentage of population using safely managed sanitation services (Percent),6121,Value,2018,2018,%,77.7,X,
TUR,2019-01-01,2019-12-31,223,Turkey,21046,Percentage of population using safely managed sanitation services (Percent),6121,Value,2019,2019,%,78.1,X,
TUR,2020-01-01,2020-12-31,223,Turkey,21046,Percentage of population using safely managed sanitation services (Percent),6121,Value,2020,2020,%,78.4,X,
TUR,2000-01-01,2000-12-31,223,Turkey,21048,Percentage of population using at least basic sanitation services (percent),6121,Value,2000,2000,%,86.5,X,
TUR,2001-01-01,2001-12-31,223,Turkey,21048,Percentage of population using at least basic sanitation services (percent),6121,Value,2001,2001,%,86.7,X,
TUR,2002-01-01,2002-12-31,223,Turkey,21048,Percentage of population using at least basic sanitation services (percent),6121,Value,2002,2002,%,87.5,X,
TUR,2003-01-01,2003-12-31,223,Turkey,21048,Percentage of population using at least basic sanitation services (percent),6121,Value,2003,2003,%,88.3,X,
TUR,2004-01-01,2004-12-31,223,Turkey,21048,Percentage of population using at least basic sanitation services (percent),6121,Value,2004,2004,%,89,X,
TUR,2005-01-01,2005-12-31,223,Turkey,21048,Percentage of population using at least basic sanitation services (percent),6121,Value,2005,2005,%,89.8,X,
TUR,2006-01-01,2006-12-31,223,Turkey,21048,Percentage of population using at least basic sanitation services (percent),6121,Value,2006,2006,%,90.5,X,
TUR,2007-01-01,2007-12-31,223,Turkey,21048,Percentage of population using at least basic sanitation services (percent),6121,Value,2007,2007,%,91.2,X,
TUR,2008-01-01,2008-12-31,223,Turkey,21048,Percentage of population using at least basic sanitation services (percent),6121,Value,2008,2008,%,91.9,X,
TUR,2009-01-01,2009-12-31,223,Turkey,21048,Percentage of population using at least basic sanitation services (percent),6121,Value,2009,2009,%,92.6,X,
TUR,2010-01-01,2010-12-31,223,Turkey,21048,Percentage of population using at least basic sanitation services (percent),6121,Value,2010,2010,%,93.3,X,
TUR,2011-01-01,2011-12-31,223,Turkey,21048,Percentage of population using at least basic sanitation services (percent),6121,Value,2011,2011,%,93.9,X,
TUR,2012-01-01,2012-12-31,223,Turkey,21048,Percentage of population using at least basic sanitation services (percent),6121,Value,2012,2012,%,94.6,X,
TUR,2013-01-01,2013-12-31,223,Turkey,21048,Percentage of population using at least basic sanitation services (percent),6121,Value,2013,2013,%,95.2,X,
TUR,2014-01-01,2014-12-31,223,Turkey,21048,Percentage of population using at least basic sanitation services (percent),6121,Value,2014,2014,%,95.8,X,
TUR,2015-01-01,2015-12-31,223,Turkey,21048,Percentage of population using at least basic sanitation services (percent),6121,Value,2015,2015,%,96.4,X,
TUR,2016-01-01,2016-12-31,223,Turkey,21048,Percentage of population using at least basic sanitation services (percent),6121,Value,2016,2016,%,97,X,
TUR,2017-01-01,2017-12-31,223,Turkey,21048,Percentage of population using at least basic sanitation services (percent),6121,Value,2017,2017,%,97.6,X,
TUR,2018-01-01,2018-12-31,223,Turkey,21048,Percentage of population using at least basic sanitation services (percent),6121,Value,2018,2018,%,98.1,X,
TUR,2019-01-01,2019-12-31,223,Turkey,21048,Percentage of population using at least basic sanitation services (percent),6121,Value,2019,2019,%,98.7,X,
TUR,2020-01-01,2020-12-31,223,Turkey,21048,Percentage of population using at least basic sanitation services (percent),6121,Value,2020,2020,%,99,X,
TUR,2004-01-01,2004-12-31,223,Turkey,21026,Percentage of children under 5 years affected by wasting (percent),6121,Value,2004,2004,%,1.1,X,
TUR,2008-01-01,2008-12-31,223,Turkey,21026,Percentage of children under 5 years affected by wasting (percent),6121,Value,2008,2008,%,1,X,
TUR,2013-01-01,2013-12-31,223,Turkey,21026,Percentage of children under 5 years affected by wasting (percent),6121,Value,2013,2013,%,1.9,X,
TUR,2018-01-01,2018-12-31,223,Turkey,21026,Percentage of children under 5 years affected by wasting (percent),6121,Value,2018,2018,%,1.7,X,
TUR,2000-01-01,2000-12-31,223,Turkey,21042,Prevalence of obesity in the adult population (18 years and older),6121,Value,2000,2000,%,22.2,X,
TUR,2001-01-01,2001-12-31,223,Turkey,21042,Prevalence of obesity in the adult population (18 years and older),6121,Value,2001,2001,%,22.7,X,
TUR,2002-01-01,2002-12-31,223,Turkey,21042,Prevalence of obesity in the adult population (18 years and older),6121,Value,2002,2002,%,23.3,X,
TUR,2003-01-01,2003-12-31,223,Turkey,21042,Prevalence of obesity in the adult population (18 years and older),6121,Value,2003,2003,%,23.9,X,
TUR,2004-01-01,2004-12-31,223,Turkey,21042,Prevalence of obesity in the adult population (18 years and older),6121,Value,2004,2004,%,24.5,X,
TUR,2005-01-01,2005-12-31,223,Turkey,21042,Prevalence of obesity in the adult population (18 years and older),6121,Value,2005,2005,%,25.1,X,
TUR,2006-01-01,2006-12-31,223,Turkey,21042,Prevalence of obesity in the adult population (18 years and older),6121,Value,2006,2006,%,25.7,X,
TUR,2007-01-01,2007-12-31,223,Turkey,21042,Prevalence of obesity in the adult population (18 years and older),6121,Value,2007,2007,%,26.3,X,
TUR,2008-01-01,2008-12-31,223,Turkey,21042,Prevalence of obesity in the adult population (18 years and older),6121,Value,2008,2008,%,26.9,X,
TUR,2009-01-01,2009-12-31,223,Turkey,21042,Prevalence of obesity in the adult population (18 years and older),6121,Value,2009,2009,%,27.6,X,
TUR,2010-01-01,2010-12-31,223,Turkey,21042,Prevalence of obesity in the adult population (18 years and older),6121,Value,2010,2010,%,28.2,X,
TUR,2011-01-01,2011-12-31,223,Turkey,21042,Prevalence of obesity in the adult population (18 years and older),6121,Value,2011,2011,%,28.9,X,
TUR,2012-01-01,2012-12-31,223,Turkey,21042,Prevalence of obesity in the adult population (18 years and older),6121,Value,2012,2012,%,29.5,X,
TUR,2013-01-01,2013-12-31,223,Turkey,21042,Prevalence of obesity in the adult population (18 years and older),6121,Value,2013,2013,%,30.2,X,
TUR,2014-01-01,2014-12-31,223,Turkey,21042,Prevalence of obesity in the adult population (18 years and older),6121,Value,2014,2014,%,30.8,X,
TUR,2015-01-01,2015-12-31,223,Turkey,21042,Prevalence of obesity in the adult population (18 years and older),6121,Value,2015,2015,%,31.5,X,
TUR,2016-01-01,2016-12-31,223,Turkey,21042,Prevalence of obesity in the adult population (18 years and older),6121,Value,2016,2016,%,32.1,X,
TUR,2003-01-01,2003-12-31,223,Turkey,21044,Prevalence of exclusive breastfeeding among infants 0-5 months of age,6121,Value,2003,2003,%,20.8,X,
TUR,2008-01-01,2008-12-31,223,Turkey,21044,Prevalence of exclusive breastfeeding among infants 0-5 months of age,6121,Value,2008,2008,%,41.6,X,
TUR,2013-01-01,2013-12-31,223,Turkey,21044,Prevalence of exclusive breastfeeding among infants 0-5 months of age,6121,Value,2013,2013,%,30.1,X,
TUR,2018-01-01,2018-12-31,223,Turkey,21044,Prevalence of exclusive breastfeeding among infants 0-5 months of age,6121,Value,2018,2018,%,40.7,X,
TUR,2000-01-01,2000-12-31,223,Turkey,21049,Prevalence of low birthweight (percent),6121,Value,2000,2000,%,12.9,X,
TUR,2001-01-01,2001-12-31,223,Turkey,21049,Prevalence of low birthweight (percent),6121,Value,2001,2001,%,12.8,X,
TUR,2002-01-01,2002-12-31,223,Turkey,21049,Prevalence of low birthweight (percent),6121,Value,2002,2002,%,12.6,X,
TUR,2003-01-01,2003-12-31,223,Turkey,21049,Prevalence of low birthweight (percent),6121,Value,2003,2003,%,12.5,X,
TUR,2004-01-01,2004-12-31,223,Turkey,21049,Prevalence of low birthweight (percent),6121,Value,2004,2004,%,12.3,X,
TUR,2005-01-01,2005-12-31,223,Turkey,21049,Prevalence of low birthweight (percent),6121,Value,2005,2005,%,12.2,X,
TUR,2006-01-01,2006-12-31,223,Turkey,21049,Prevalence of low birthweight (percent),6121,Value,2006,2006,%,12.1,X,
TUR,2007-01-01,2007-12-31,223,Turkey,21049,Prevalence of low birthweight (percent),6121,Value,2007,2007,%,12,X,
TUR,2008-01-01,2008-12-31,223,Turkey,21049,Prevalence of low birthweight (percent),6121,Value,2008,2008,%,11.9,X,
TUR,2009-01-01,2009-12-31,223,Turkey,21049,Prevalence of low birthweight (percent),6121,Value,2009,2009,%,11.8,X,
TUR,2010-01-01,2010-12-31,223,Turkey,21049,Prevalence of low birthweight (percent),6121,Value,2010,2010,%,11.7,X,
TUR,2011-01-01,2011-12-31,223,Turkey,21049,Prevalence of low birthweight (percent),6121,Value,2011,2011,%,11.6,X,
TUR,2012-01-01,2012-12-31,223,Turkey,21049,Prevalence of low birthweight (percent),6121,Value,2012,2012,%,11.6,X,
TUR,2013-01-01,2013-12-31,223,Turkey,21049,Prevalence of low birthweight (percent),6121,Value,2013,2013,%,11.5,X,
TUR,2014-01-01,2014-12-31,223,Turkey,21049,Prevalence of low birthweight (percent),6121,Value,2014,2014,%,11.4,X,
TUR,2015-01-01,2015-12-31,223,Turkey,21049,Prevalence of low birthweight (percent),6121,Value,2015,2015,%,11.4,X,
TUR,2000-01-01,2000-12-31,223,Turkey,21056,Minimum dietary energy requirement  (kcal/cap/day),6128,Value,2000,2000,kcal/capita/day,1794,F,
TUR,2001-01-01,2001-12-31,223,Turkey,21056,Minimum dietary energy requirement  (kcal/cap/day),6128,Value,2001,2001,kcal/capita/day,1795,F,
TUR,2002-01-01,2002-12-31,223,Turkey,21056,Minimum dietary energy requirement  (kcal/cap/day),6128,Value,2002,2002,kcal/capita/day,1799,F,
TUR,2003-01-01,2003-12-31,223,Turkey,21056,Minimum dietary energy requirement  (kcal/cap/day),6128,Value,2003,2003,kcal/capita/day,1802,F,
TUR,2004-01-01,2004-12-31,223,Turkey,21056,Minimum dietary energy requirement  (kcal/cap/day),6128,Value,2004,2004,kcal/capita/day,1805,F,
TUR,2005-01-01,2005-12-31,223,Turkey,21056,Minimum dietary energy requirement  (kcal/cap/day),6128,Value,2005,2005,kcal/capita/day,1807,F,
TUR,2006-01-01,2006-12-31,223,Turkey,21056,Minimum dietary energy requirement  (kcal/cap/day),6128,Value,2006,2006,kcal/capita/day,1810,F,
TUR,2007-01-01,2007-12-31,223,Turkey,21056,Minimum dietary energy requirement  (kcal/cap/day),6128,Value,2007,2007,kcal/capita/day,1813,F,
TUR,2008-01-01,2008-12-31,223,Turkey,21056,Minimum dietary energy requirement  (kcal/cap/day),6128,Value,2008,2008,kcal/capita/day,1831,F,
TUR,2009-01-01,2009-12-31,223,Turkey,21056,Minimum dietary energy requirement  (kcal/cap/day),6128,Value,2009,2009,kcal/capita/day,1833,F,
TUR,2010-01-01,2010-12-31,223,Turkey,21056,Minimum dietary energy requirement  (kcal/cap/day),6128,Value,2010,2010,kcal/capita/day,1835,F,
TUR,2011-01-01,2011-12-31,223,Turkey,21056,Minimum dietary energy requirement  (kcal/cap/day),6128,Value,2011,2011,kcal/capita/day,1836,F,
TUR,2012-01-01,2012-12-31,223,Turkey,21056,Minimum dietary energy requirement  (kcal/cap/day),6128,Value,2012,2012,kcal/capita/day,1837,F,
TUR,2013-01-01,2013-12-31,223,Turkey,21056,Minimum dietary energy requirement  (kcal/cap/day),6128,Value,2013,2013,kcal/capita/day,1845,F,
TUR,2014-01-01,2014-12-31,223,Turkey,21056,Minimum dietary energy requirement  (kcal/cap/day),6128,Value,2014,2014,kcal/capita/day,1846,F,
TUR,2015-01-01,2015-12-31,223,Turkey,21056,Minimum dietary energy requirement  (kcal/cap/day),6128,Value,2015,2015,kcal/capita/day,1847,F,
TUR,2016-01-01,2016-12-31,223,Turkey,21056,Minimum dietary energy requirement  (kcal/cap/day),6128,Value,2016,2016,kcal/capita/day,1848,F,
TUR,2017-01-01,2017-12-31,223,Turkey,21056,Minimum dietary energy requirement  (kcal/cap/day),6128,Value,2017,2017,kcal/capita/day,1850,F,
TUR,2018-01-01,2018-12-31,223,Turkey,21056,Minimum dietary energy requirement  (kcal/cap/day),6128,Value,2018,2018,kcal/capita/day,1852,F,
TUR,2019-01-01,2019-12-31,223,Turkey,21056,Minimum dietary energy requirement  (kcal/cap/day),6128,Value,2019,2019,kcal/capita/day,1853,F,
TUR,2020-01-01,2020-12-31,223,Turkey,21056,Minimum dietary energy requirement  (kcal/cap/day),6128,Value,2020,2020,kcal/capita/day,1855,F,
TUR,2000-01-01,2000-12-31,223,Turkey,21057,Average dietary energy requirement (kcal/cap/day),6128,Value,2000,2000,kcal/capita/day,2312,F,
TUR,2001-01-01,2001-12-31,223,Turkey,21057,Average dietary energy requirement (kcal/cap/day),6128,Value,2001,2001,kcal/capita/day,2315,F,
TUR,2002-01-01,2002-12-31,223,Turkey,21057,Average dietary energy requirement (kcal/cap/day),6128,Value,2002,2002,kcal/capita/day,2319,F,
TUR,2003-01-01,2003-12-31,223,Turkey,21057,Average dietary energy requirement (kcal/cap/day),6128,Value,2003,2003,kcal/capita/day,2324,F,
TUR,2004-01-01,2004-12-31,223,Turkey,21057,Average dietary energy requirement (kcal/cap/day),6128,Value,2004,2004,kcal/capita/day,2328,F,
TUR,2005-01-01,2005-12-31,223,Turkey,21057,Average dietary energy requirement (kcal/cap/day),6128,Value,2005,2005,kcal/capita/day,2332,F,
TUR,2006-01-01,2006-12-31,223,Turkey,21057,Average dietary energy requirement (kcal/cap/day),6128,Value,2006,2006,kcal/capita/day,2336,F,
TUR,2007-01-01,2007-12-31,223,Turkey,21057,Average dietary energy requirement (kcal/cap/day),6128,Value,2007,2007,kcal/capita/day,2339,F,
TUR,2008-01-01,2008-12-31,223,Turkey,21057,Average dietary energy requirement (kcal/cap/day),6128,Value,2008,2008,kcal/capita/day,2364,F,
TUR,2009-01-01,2009-12-31,223,Turkey,21057,Average dietary energy requirement (kcal/cap/day),6128,Value,2009,2009,kcal/capita/day,2367,F,
TUR,2010-01-01,2010-12-31,223,Turkey,21057,Average dietary energy requirement (kcal/cap/day),6128,Value,2010,2010,kcal/capita/day,2370,F,
TUR,2011-01-01,2011-12-31,223,Turkey,21057,Average dietary energy requirement (kcal/cap/day),6128,Value,2011,2011,kcal/capita/day,2372,F,
TUR,2012-01-01,2012-12-31,223,Turkey,21057,Average dietary energy requirement (kcal/cap/day),6128,Value,2012,2012,kcal/capita/day,2373,F,
TUR,2013-01-01,2013-12-31,223,Turkey,21057,Average dietary energy requirement (kcal/cap/day),6128,Value,2013,2013,kcal/capita/day,2385,F,
TUR,2014-01-01,2014-12-31,223,Turkey,21057,Average dietary energy requirement (kcal/cap/day),6128,Value,2014,2014,kcal/capita/day,2386,F,
TUR,2015-01-01,2015-12-31,223,Turkey,21057,Average dietary energy requirement (kcal/cap/day),6128,Value,2015,2015,kcal/capita/day,2388,F,
TUR,2016-01-01,2016-12-31,223,Turkey,21057,Average dietary energy requirement (kcal/cap/day),6128,Value,2016,2016,kcal/capita/day,2389,F,
TUR,2017-01-01,2017-12-31,223,Turkey,21057,Average dietary energy requirement (kcal/cap/day),6128,Value,2017,2017,kcal/capita/day,2392,F,
TUR,2018-01-01,2018-12-31,223,Turkey,21057,Average dietary energy requirement (kcal/cap/day),6128,Value,2018,2018,kcal/capita/day,2395,F,
TUR,2019-01-01,2019-12-31,223,Turkey,21057,Average dietary energy requirement (kcal/cap/day),6128,Value,2019,2019,kcal/capita/day,2397,F,
TUR,2020-01-01,2020-12-31,223,Turkey,21057,Average dietary energy requirement (kcal/cap/day),6128,Value,2020,2020,kcal/capita/day,2400,F,
TUR,2000-01-01,2000-12-31,223,Turkey,21058,Coefficient of variation of habitual caloric consumption distribution (real number),6173,Value,2000,2000,Number,0.26,F,
TUR,2001-01-01,2001-12-31,223,Turkey,21058,Coefficient of variation of habitual caloric consumption distribution (real number),6173,Value,2001,2001,Number,0.26,F,
TUR,2002-01-01,2002-12-31,223,Turkey,21058,Coefficient of variation of habitual caloric consumption distribution (real number),6173,Value,2002,2002,Number,0.27,F,
TUR,2003-01-01,2003-12-31,223,Turkey,21058,Coefficient of variation of habitual caloric consumption distribution (real number),6173,Value,2003,2003,Number,0.27,F,
TUR,2004-01-01,2004-12-31,223,Turkey,21058,Coefficient of variation of habitual caloric consumption distribution (real number),6173,Value,2004,2004,Number,0.27,F,
TUR,2005-01-01,2005-12-31,223,Turkey,21058,Coefficient of variation of habitual caloric consumption distribution (real number),6173,Value,2005,2005,Number,0.26,F,
TUR,2006-01-01,2006-12-31,223,Turkey,21058,Coefficient of variation of habitual caloric consumption distribution (real number),6173,Value,2006,2006,Number,0.24,F,
TUR,2007-01-01,2007-12-31,223,Turkey,21058,Coefficient of variation of habitual caloric consumption distribution (real number),6173,Value,2007,2007,Number,0.23,F,
TUR,2008-01-01,2008-12-31,223,Turkey,21058,Coefficient of variation of habitual caloric consumption distribution (real number),6173,Value,2008,2008,Number,0.22,F,
TUR,2009-01-01,2009-12-31,223,Turkey,21058,Coefficient of variation of habitual caloric consumption distribution (real number),6173,Value,2009,2009,Number,0.22,F,
TUR,2010-01-01,2010-12-31,223,Turkey,21058,Coefficient of variation of habitual caloric consumption distribution (real number),6173,Value,2010,2010,Number,0.22,F,
TUR,2011-01-01,2011-12-31,223,Turkey,21058,Coefficient of variation of habitual caloric consumption distribution (real number),6173,Value,2011,2011,Number,0.22,F,
TUR,2012-01-01,2012-12-31,223,Turkey,21058,Coefficient of variation of habitual caloric consumption distribution (real number),6173,Value,2012,2012,Number,0.22,F,
TUR,2013-01-01,2013-12-31,223,Turkey,21058,Coefficient of variation of habitual caloric consumption distribution (real number),6173,Value,2013,2013,Number,0.22,F,
TUR,2014-01-01,2014-12-31,223,Turkey,21058,Coefficient of variation of habitual caloric consumption distribution (real number),6173,Value,2014,2014,Number,0.22,F,
TUR,2015-01-01,2015-12-31,223,Turkey,21058,Coefficient of variation of habitual caloric consumption distribution (real number),6173,Value,2015,2015,Number,0.22,F,
TUR,2016-01-01,2016-12-31,223,Turkey,21058,Coefficient of variation of habitual caloric consumption distribution (real number),6173,Value,2016,2016,Number,0.22,F,
TUR,2017-01-01,2017-12-31,223,Turkey,21058,Coefficient of variation of habitual caloric consumption distribution (real number),6173,Value,2017,2017,Number,0.22,F,
TUR,2018-01-01,2018-12-31,223,Turkey,21058,Coefficient of variation of habitual caloric consumption distribution (real number),6173,Value,2018,2018,Number,0.22,F,
TUR,2019-01-01,2019-12-31,223,Turkey,21058,Coefficient of variation of habitual caloric consumption distribution (real number),6173,Value,2019,2019,Number,0.22,F,
TUR,2020-01-01,2020-12-31,223,Turkey,21058,Coefficient of variation of habitual caloric consumption distribution (real number),6173,Value,2020,2020,Number,0.23,F,
TUR,2000-01-01,2000-12-31,223,Turkey,21059,Incidence of caloric losses at retail distribution level (percent),6121,Value,2000,2000,%,4.08,F,
TUR,2001-01-01,2001-12-31,223,Turkey,21059,Incidence of caloric losses at retail distribution level (percent),6121,Value,2001,2001,%,4.03,F,
TUR,2002-01-01,2002-12-31,223,Turkey,21059,Incidence of caloric losses at retail distribution level (percent),6121,Value,2002,2002,%,4.03,F,
TUR,2003-01-01,2003-12-31,223,Turkey,21059,Incidence of caloric losses at retail distribution level (percent),6121,Value,2003,2003,%,4.14,F,
TUR,2004-01-01,2004-12-31,223,Turkey,21059,Incidence of caloric losses at retail distribution level (percent),6121,Value,2004,2004,%,4,F,
TUR,2005-01-01,2005-12-31,223,Turkey,21059,Incidence of caloric losses at retail distribution level (percent),6121,Value,2005,2005,%,4.07,F,
TUR,2006-01-01,2006-12-31,223,Turkey,21059,Incidence of caloric losses at retail distribution level (percent),6121,Value,2006,2006,%,4,F,
TUR,2007-01-01,2007-12-31,223,Turkey,21059,Incidence of caloric losses at retail distribution level (percent),6121,Value,2007,2007,%,3.99,F,
TUR,2008-01-01,2008-12-31,223,Turkey,21059,Incidence of caloric losses at retail distribution level (percent),6121,Value,2008,2008,%,4.03,F,
TUR,2009-01-01,2009-12-31,223,Turkey,21059,Incidence of caloric losses at retail distribution level (percent),6121,Value,2009,2009,%,3.98,F,
TUR,2010-01-01,2010-12-31,223,Turkey,21059,Incidence of caloric losses at retail distribution level (percent),6121,Value,2010,2010,%,3.96,F,
TUR,2011-01-01,2011-12-31,223,Turkey,21059,Incidence of caloric losses at retail distribution level (percent),6121,Value,2011,2011,%,4,F,
TUR,2012-01-01,2012-12-31,223,Turkey,21059,Incidence of caloric losses at retail distribution level (percent),6121,Value,2012,2012,%,4.06,F,
TUR,2013-01-01,2013-12-31,223,Turkey,21059,Incidence of caloric losses at retail distribution level (percent),6121,Value,2013,2013,%,4.07,F,
TUR,2014-01-01,2014-12-31,223,Turkey,21059,Incidence of caloric losses at retail distribution level (percent),6121,Value,2014,2014,%,4.07,F,
TUR,2015-01-01,2015-12-31,223,Turkey,21059,Incidence of caloric losses at retail distribution level (percent),6121,Value,2015,2015,%,4.07,F,
TUR,2016-01-01,2016-12-31,223,Turkey,21059,Incidence of caloric losses at retail distribution level (percent),6121,Value,2016,2016,%,4.07,F,
TUR,2017-01-01,2017-12-31,223,Turkey,21059,Incidence of caloric losses at retail distribution level (percent),6121,Value,2017,2017,%,4.07,F,
TUR,2018-01-01,2018-12-31,223,Turkey,21059,Incidence of caloric losses at retail distribution level (percent),6121,Value,2018,2018,%,4.07,F,
TUR,2019-01-01,2019-12-31,223,Turkey,21059,Incidence of caloric losses at retail distribution level (percent),6121,Value,2019,2019,%,4.07,F,
TUR,2020-01-01,2020-12-31,223,Turkey,21059,Incidence of caloric losses at retail distribution level (percent),6121,Value,2020,2020,%,4.07,F,
TUR,2000-01-01,2002-12-31,223,Turkey,21061,Average fat supply (g/cap/day) (3-year average),6123,Value,20002002,2002,g/capita/day,97.3,F,
TUR,2001-01-01,2003-12-31,223,Turkey,21061,Average fat supply (g/cap/day) (3-year average),6123,Value,20012003,2003,g/capita/day,96.7,F,
TUR,2002-01-01,2004-12-31,223,Turkey,21061,Average fat supply (g/cap/day) (3-year average),6123,Value,20022004,2004,g/capita/day,99.7,F,
TUR,2003-01-01,2005-12-31,223,Turkey,21061,Average fat supply (g/cap/day) (3-year average),6123,Value,20032005,2005,g/capita/day,102.4,F,
TUR,2004-01-01,2006-12-31,223,Turkey,21061,Average fat supply (g/cap/day) (3-year average),6123,Value,20042006,2006,g/capita/day,105.7,F,
TUR,2005-01-01,2007-12-31,223,Turkey,21061,Average fat supply (g/cap/day) (3-year average),6123,Value,20052007,2007,g/capita/day,108.7,F,
TUR,2006-01-01,2008-12-31,223,Turkey,21061,Average fat supply (g/cap/day) (3-year average),6123,Value,20062008,2008,g/capita/day,110.3,F,
TUR,2007-01-01,2009-12-31,223,Turkey,21061,Average fat supply (g/cap/day) (3-year average),6123,Value,20072009,2009,g/capita/day,111.7,F,
TUR,2008-01-01,2010-12-31,223,Turkey,21061,Average fat supply (g/cap/day) (3-year average),6123,Value,20082010,2010,g/capita/day,111.7,F,
TUR,2009-01-01,2011-12-31,223,Turkey,21061,Average fat supply (g/cap/day) (3-year average),6123,Value,20092011,2011,g/capita/day,115,F,
TUR,2010-01-01,2012-12-31,223,Turkey,21061,Average fat supply (g/cap/day) (3-year average),6123,Value,20102012,2012,g/capita/day,117.7,F,
TUR,2011-01-01,2013-12-31,223,Turkey,21061,Average fat supply (g/cap/day) (3-year average),6123,Value,20112013,2013,g/capita/day,119.7,F,
TUR,2012-01-01,2014-12-31,223,Turkey,21061,Average fat supply (g/cap/day) (3-year average),6123,Value,20122014,2014,g/capita/day,118.6,F,
TUR,2013-01-01,2015-12-31,223,Turkey,21061,Average fat supply (g/cap/day) (3-year average),6123,Value,20132015,2015,g/capita/day,119,F,
TUR,2014-01-01,2016-12-31,223,Turkey,21061,Average fat supply (g/cap/day) (3-year average),6123,Value,20142016,2016,g/capita/day,119,F,
TUR,2015-01-01,2017-12-31,223,Turkey,21061,Average fat supply (g/cap/day) (3-year average),6123,Value,20152017,2017,g/capita/day,121,F,
TUR,2016-01-01,2018-12-31,223,Turkey,21061,Average fat supply (g/cap/day) (3-year average),6123,Value,20162018,2018,g/capita/day,121,F,
